{
  "affine_x": [
    5.474239119781015,
    -1.612043685144001,
    -1.1427875212890881
  ],
  "affine_y": [
    -15.226033757076737,
    -12.291514116882466,
    5.725269606028642
  ],
  "neutral_center_x_norm": 0.5,
  "neutral_center_y_norm": 0.5,
  "board_size_cm": 15.0,
  "board_distance_cm": 30.0,
  "point_hold_seconds": 2.0,
  "sample_count": 302,
  "point_count": 6,
  "profile": "child",
  "poly_x": [
    -7.252577066472186,
    85.10987682507887,
    -47.46290357228321,
    -28.199240725607225,
    76.33341439421999,
    -92.16040324925206
  ],
  "poly_y": [
    15.33815071614971,
    -66.43860205527201,
    1.1901095090812461,
    1.890076278130067,
    -43.19541998192345,
    79.7150397497428
  ],
  "source": "multi-point-calibration",
  "saved_at": 1782945887.6659756
}