{
  "affine_x": [
    23.243572003472472,
    0.4363162403961933,
    -11.186540611361767
  ],
  "affine_y": [
    -5.894745073697056,
    9.728631461983982,
    -1.7841254741549752
  ],
  "neutral_center_x_norm": 0.5050721153846154,
  "neutral_center_y_norm": 0.5660256410256409,
  "board_size_cm": 15.0,
  "board_distance_cm": 30.0,
  "point_hold_seconds": 2.0,
  "sample_count": 600,
  "point_count": 9,
  "profile": "child",
  "poly_x": [
    -1.212800058918347,
    -15.325172018482492,
    -15.60091359237293,
    47.28428186144359,
    23.65956151358109,
    -9.24537997539656
  ],
  "poly_y": [
    -7.9360100560938225,
    37.585751409182976,
    -9.216921300036013,
    -7.251335434247855,
    65.18334241333613,
    -85.2331157943813
  ],
  "source": "multi-point-calibration",
  "saved_at": 1782998220.9044719
}